{
    "quotes": [
        {
            "id":1,
            "author": "Nelson Mandela",
            "text": "The greatest glory in living lies not in never falling, but in rising every time we fall."
        },
        {
            "id":2,
            "author": "Walt Disney",
            "text": "The way to get started is to quit talking and begin doing."
        },
        {
            "id":3,
            "author": "Steve Jobs",
            "text": "Your time is limited, so don't waste it living someone else's life. Don't be trapped by dogma – which is living with the results of other people's thinking."
        },
        {
            "id":4,
            "author": "Eleanor Roosevelt",
            "text": "If life were predictable it would cease to be life, and be without flavor."
        }
    ]
}